Kod;Okresy;Rok;Wartosc;Jednostka miary
0;I kwartał;2005;61,47;%
0;I kwartał;2006;61,4;%
0;I kwartał;2007;61,29;%
0;I kwartał;2008;61,17;%
0;I kwartał;2009;61,08;%
0;I kwartał;2010;60,91;%
0;I kwartał;2011;60,78;%
0;I kwartał;2012;60,65;%
0;I kwartał;2013;60,53;%
0;I kwartał;2014;60,42;%
0;I kwartał;2015;;%
0;I kwartał;2016;;%
0;II kwartał;2005;61,45;%
0;II kwartał;2006;61,37;%
0;II kwartał;2007;61,26;%
0;II kwartał;2008;61,14;%
0;II kwartał;2009;61,05;%
0;II kwartał;2010;60,88;%
0;II kwartał;2011;60,75;%
0;II kwartał;2012;60,62;%
0;II kwartał;2013;60,49;%
0;II kwartał;2014;60,4;%
0;II kwartał;2015;;%
0;II kwartał;2016;;%
0;I półrocze;2005;61,45;%
0;I półrocze;2006;61,37;%
0;I półrocze;2007;61,26;%
0;I półrocze;2008;61,14;%
0;I półrocze;2009;61,05;%
0;I półrocze;2010;60,88;%
0;I półrocze;2011;60,75;%
0;I półrocze;2012;60,62;%
0;I półrocze;2013;60,49;%
0;I półrocze;2014;60,4;%
0;I półrocze;2015;60,34;%
0;I półrocze;2016;60,24;%
0;III kwartał;2005;61,42;%
0;III kwartał;2006;61,33;%
0;III kwartał;2007;61,22;%
0;III kwartał;2008;61,11;%
0;III kwartał;2009;61,02;%
0;III kwartał;2010;60,84;%
0;III kwartał;2011;60,71;%
0;III kwartał;2012;60,59;%
0;III kwartał;2013;60,46;%
0;III kwartał;2014;60,37;%
0;III kwartał;2015;;%
0;III kwartał;2016;;%
0;I-III kwartały;2005;61,42;%
0;I-III kwartały;2006;61,33;%
0;I-III kwartały;2007;61,22;%
0;I-III kwartały;2008;61,11;%
0;I-III kwartały;2009;61,02;%
0;I-III kwartały;2010;60,84;%
0;I-III kwartały;2011;60,71;%
0;I-III kwartały;2012;60,59;%
0;I-III kwartały;2013;60,46;%
0;I-III kwartały;2014;60,37;%
0;I-III kwartały;2015;;%
0;I-III kwartały;2016;;%
0;IV kwartał;2005;61,39;%
0;IV kwartał;2006;61,29;%
0;IV kwartał;2007;61,17;%
0;IV kwartał;2008;61,07;%
0;IV kwartał;2009;60,99;%
0;IV kwartał;2010;60,81;%
0;IV kwartał;2011;60,68;%
0;IV kwartał;2012;60,56;%
0;IV kwartał;2013;60,42;%
0;IV kwartał;2014;60,34;%
0;IV kwartał;2015;;%
0;IV kwartał;2016;;%
0;rok;2005;61,39;%
0;rok;2006;61,29;%
0;rok;2007;61,17;%
0;rok;2008;61,07;%
0;rok;2009;60,99;%
0;rok;2010;60,81;%
0;rok;2011;60,68;%
0;rok;2012;60,56;%
0;rok;2013;60,42;%
0;rok;2014;60,34;%
0;rok;2015;60,27;%
0;rok;2016;;%
1100000000;I kwartał;2005;64,71;%
1100000000;I kwartał;2006;64,7;%
1100000000;I kwartał;2007;64,55;%
1100000000;I kwartał;2008;64,41;%
1100000000;I kwartał;2009;64,25;%
1100000000;I kwartał;2010;64,04;%
1100000000;I kwartał;2011;63,88;%
1100000000;I kwartał;2012;63,73;%
1100000000;I kwartał;2013;63,57;%
1100000000;I kwartał;2014;63,35;%
1100000000;I kwartał;2015;;%
1100000000;I kwartał;2016;;%
1100000000;II kwartał;2005;64,68;%
1100000000;II kwartał;2006;64,67;%
1100000000;II kwartał;2007;64,51;%
1100000000;II kwartał;2008;64,39;%
1100000000;II kwartał;2009;64,23;%
1100000000;II kwartał;2010;64;%
1100000000;II kwartał;2011;63,84;%
1100000000;II kwartał;2012;63,7;%
1100000000;II kwartał;2013;63,52;%
1100000000;II kwartał;2014;63,31;%
1100000000;II kwartał;2015;;%
1100000000;II kwartał;2016;;%
1100000000;I półrocze;2005;64,68;%
1100000000;I półrocze;2006;64,67;%
1100000000;I półrocze;2007;64,51;%
1100000000;I półrocze;2008;64,39;%
1100000000;I półrocze;2009;64,23;%
1100000000;I półrocze;2010;64;%
1100000000;I półrocze;2011;63,84;%
1100000000;I półrocze;2012;63,7;%
1100000000;I półrocze;2013;63,52;%
1100000000;I półrocze;2014;63,31;%
1100000000;I półrocze;2015;63,16;%
1100000000;I półrocze;2016;63;%
1100000000;III kwartał;2005;64,65;%
1100000000;III kwartał;2006;64,63;%
1100000000;III kwartał;2007;64,46;%
1100000000;III kwartał;2008;64,34;%
1100000000;III kwartał;2009;64,19;%
1100000000;III kwartał;2010;63,95;%
1100000000;III kwartał;2011;63,79;%
1100000000;III kwartał;2012;63,65;%
1100000000;III kwartał;2013;63,47;%
1100000000;III kwartał;2014;63,27;%
1100000000;III kwartał;2015;;%
1100000000;III kwartał;2016;;%
1100000000;I-III kwartały;2005;64,65;%
1100000000;I-III kwartały;2006;64,63;%
1100000000;I-III kwartały;2007;64,46;%
1100000000;I-III kwartały;2008;64,34;%
1100000000;I-III kwartały;2009;64,19;%
1100000000;I-III kwartały;2010;63,95;%
1100000000;I-III kwartały;2011;63,79;%
1100000000;I-III kwartały;2012;63,65;%
1100000000;I-III kwartały;2013;63,47;%
1100000000;I-III kwartały;2014;63,27;%
1100000000;I-III kwartały;2015;;%
1100000000;I-III kwartały;2016;;%
1100000000;IV kwartał;2005;64,61;%
1100000000;IV kwartał;2006;64,58;%
1100000000;IV kwartał;2007;64,44;%
1100000000;IV kwartał;2008;64,29;%
1100000000;IV kwartał;2009;64,17;%
1100000000;IV kwartał;2010;63,92;%
1100000000;IV kwartał;2011;63,76;%
1100000000;IV kwartał;2012;63,62;%
1100000000;IV kwartał;2013;63,39;%
1100000000;IV kwartał;2014;63,23;%
1100000000;IV kwartał;2015;;%
1100000000;IV kwartał;2016;;%
1100000000;rok;2005;64,61;%
1100000000;rok;2006;64,58;%
1100000000;rok;2007;64,44;%
1100000000;rok;2008;64,29;%
1100000000;rok;2009;64,17;%
1100000000;rok;2010;63,92;%
1100000000;rok;2011;63,76;%
1100000000;rok;2012;63,62;%
1100000000;rok;2013;63,39;%
1100000000;rok;2014;63,23;%
1100000000;rok;2015;63,08;%
1100000000;rok;2016;;%
1140000000;I kwartał;2005;64,72;%
1140000000;I kwartał;2006;64,73;%
1140000000;I kwartał;2007;64,73;%
1140000000;I kwartał;2008;64,67;%
1140000000;I kwartał;2009;64,63;%
1140000000;I kwartał;2010;64,22;%
1140000000;I kwartał;2011;64,19;%
1140000000;I kwartał;2012;64,19;%
1140000000;I kwartał;2013;64,17;%
1140000000;I kwartał;2014;64,24;%
1140000000;I kwartał;2015;;%
1140000000;I kwartał;2016;;%
1140000000;II kwartał;2005;64,72;%
1140000000;II kwartał;2006;64,73;%
1140000000;II kwartał;2007;64,73;%
1140000000;II kwartał;2008;64,67;%
1140000000;II kwartał;2009;64,62;%
1140000000;II kwartał;2010;64,21;%
1140000000;II kwartał;2011;64,19;%
1140000000;II kwartał;2012;64,19;%
1140000000;II kwartał;2013;64,17;%
1140000000;II kwartał;2014;64,24;%
1140000000;II kwartał;2015;;%
1140000000;II kwartał;2016;;%
1140000000;I półrocze;2005;64,72;%
1140000000;I półrocze;2006;64,73;%
1140000000;I półrocze;2007;64,73;%
1140000000;I półrocze;2008;64,67;%
1140000000;I półrocze;2009;64,62;%
1140000000;I półrocze;2010;64,21;%
1140000000;I półrocze;2011;64,19;%
1140000000;I półrocze;2012;64,19;%
1140000000;I półrocze;2013;64,17;%
1140000000;I półrocze;2014;64,24;%
1140000000;I półrocze;2015;64,27;%
1140000000;I półrocze;2016;64,29;%
1140000000;III kwartał;2005;64,72;%
1140000000;III kwartał;2006;64,73;%
1140000000;III kwartał;2007;64,72;%
1140000000;III kwartał;2008;64,67;%
1140000000;III kwartał;2009;64,62;%
1140000000;III kwartał;2010;64,2;%
1140000000;III kwartał;2011;64,19;%
1140000000;III kwartał;2012;64,19;%
1140000000;III kwartał;2013;64,16;%
1140000000;III kwartał;2014;64,25;%
1140000000;III kwartał;2015;;%
1140000000;III kwartał;2016;;%
1140000000;I-III kwartały;2005;64,72;%
1140000000;I-III kwartały;2006;64,73;%
1140000000;I-III kwartały;2007;64,72;%
1140000000;I-III kwartały;2008;64,67;%
1140000000;I-III kwartały;2009;64,62;%
1140000000;I-III kwartały;2010;64,2;%
1140000000;I-III kwartały;2011;64,19;%
1140000000;I-III kwartały;2012;64,19;%
1140000000;I-III kwartały;2013;64,16;%
1140000000;I-III kwartały;2014;64,25;%
1140000000;I-III kwartały;2015;;%
1140000000;I-III kwartały;2016;;%
1140000000;IV kwartał;2005;64,72;%
1140000000;IV kwartał;2006;64,71;%
1140000000;IV kwartał;2007;64,69;%
1140000000;IV kwartał;2008;64,65;%
1140000000;IV kwartał;2009;64,62;%
1140000000;IV kwartał;2010;64,19;%
1140000000;IV kwartał;2011;64,19;%
1140000000;IV kwartał;2012;64,18;%
1140000000;IV kwartał;2013;64,16;%
1140000000;IV kwartał;2014;64,25;%
1140000000;IV kwartał;2015;;%
1140000000;IV kwartał;2016;;%
1140000000;rok;2005;64,72;%
1140000000;rok;2006;64,71;%
1140000000;rok;2007;64,69;%
1140000000;rok;2008;64,65;%
1140000000;rok;2009;64,62;%
1140000000;rok;2010;64,19;%
1140000000;rok;2011;64,19;%
1140000000;rok;2012;64,18;%
1140000000;rok;2013;64,16;%
1140000000;rok;2014;64,25;%
1140000000;rok;2015;64,28;%
1140000000;rok;2016;;%
2120000000;I kwartał;2005;49,71;%
2120000000;I kwartał;2006;49,6;%
2120000000;I kwartał;2007;49,53;%
2120000000;I kwartał;2008;49,37;%
2120000000;I kwartał;2009;49,39;%
2120000000;I kwartał;2010;49,33;%
2120000000;I kwartał;2011;49,17;%
2120000000;I kwartał;2012;49,01;%
2120000000;I kwartał;2013;48,84;%
2120000000;I kwartał;2014;48,68;%
2120000000;I kwartał;2015;;%
2120000000;I kwartał;2016;;%
2120000000;II kwartał;2005;49,69;%
2120000000;II kwartał;2006;49,55;%
2120000000;II kwartał;2007;49,49;%
2120000000;II kwartał;2008;49,33;%
2120000000;II kwartał;2009;49,35;%
2120000000;II kwartał;2010;49,29;%
2120000000;II kwartał;2011;49,13;%
2120000000;II kwartał;2012;48,98;%
2120000000;II kwartał;2013;48,81;%
2120000000;II kwartał;2014;48,65;%
2120000000;II kwartał;2015;;%
2120000000;II kwartał;2016;;%
2120000000;I półrocze;2005;49,69;%
2120000000;I półrocze;2006;49,55;%
2120000000;I półrocze;2007;49,49;%
2120000000;I półrocze;2008;49,33;%
2120000000;I półrocze;2009;49,35;%
2120000000;I półrocze;2010;49,29;%
2120000000;I półrocze;2011;49,13;%
2120000000;I półrocze;2012;48,98;%
2120000000;I półrocze;2013;48,81;%
2120000000;I półrocze;2014;48,65;%
2120000000;I półrocze;2015;48,56;%
2120000000;I półrocze;2016;48,43;%
2120000000;III kwartał;2005;49,65;%
2120000000;III kwartał;2006;49,51;%
2120000000;III kwartał;2007;49,44;%
2120000000;III kwartał;2008;49,28;%
2120000000;III kwartał;2009;49,32;%
2120000000;III kwartał;2010;49,24;%
2120000000;III kwartał;2011;49,09;%
2120000000;III kwartał;2012;48,93;%
2120000000;III kwartał;2013;48,77;%
2120000000;III kwartał;2014;48,62;%
2120000000;III kwartał;2015;;%
2120000000;III kwartał;2016;;%
2120000000;I-III kwartały;2005;49,65;%
2120000000;I-III kwartały;2006;49,51;%
2120000000;I-III kwartały;2007;49,44;%
2120000000;I-III kwartały;2008;49,28;%
2120000000;I-III kwartały;2009;49,32;%
2120000000;I-III kwartały;2010;49,24;%
2120000000;I-III kwartały;2011;49,09;%
2120000000;I-III kwartały;2012;48,93;%
2120000000;I-III kwartały;2013;48,77;%
2120000000;I-III kwartały;2014;48,62;%
2120000000;I-III kwartały;2015;;%
2120000000;I-III kwartały;2016;;%
2120000000;IV kwartał;2005;49,58;%
2120000000;IV kwartał;2006;49,47;%
2120000000;IV kwartał;2007;49,4;%
2120000000;IV kwartał;2008;49,2;%
2120000000;IV kwartał;2009;49,26;%
2120000000;IV kwartał;2010;49,21;%
2120000000;IV kwartał;2011;49,06;%
2120000000;IV kwartał;2012;48,87;%
2120000000;IV kwartał;2013;48,72;%
2120000000;IV kwartał;2014;48,62;%
2120000000;IV kwartał;2015;;%
2120000000;IV kwartał;2016;;%
2120000000;rok;2005;49,58;%
2120000000;rok;2006;49,47;%
2120000000;rok;2007;49,4;%
2120000000;rok;2008;49,2;%
2120000000;rok;2009;49,26;%
2120000000;rok;2010;49,21;%
2120000000;rok;2011;49,06;%
2120000000;rok;2012;48,87;%
2120000000;rok;2013;48,72;%
2120000000;rok;2014;48,62;%
2120000000;rok;2015;48,48;%
2120000000;rok;2016;;%
2240000000;I kwartał;2005;78,74;%
2240000000;I kwartał;2006;78,62;%
2240000000;I kwartał;2007;78,48;%
2240000000;I kwartał;2008;78,33;%
2240000000;I kwartał;2009;78,21;%
2240000000;I kwartał;2010;77,94;%
2240000000;I kwartał;2011;77,78;%
2240000000;I kwartał;2012;77,66;%
2240000000;I kwartał;2013;77,51;%
2240000000;I kwartał;2014;77,36;%
2240000000;I kwartał;2015;;%
2240000000;I kwartał;2016;;%
2240000000;II kwartał;2005;78,71;%
2240000000;II kwartał;2006;78,59;%
2240000000;II kwartał;2007;78,45;%
2240000000;II kwartał;2008;78,3;%
2240000000;II kwartał;2009;78,18;%
2240000000;II kwartał;2010;77,91;%
2240000000;II kwartał;2011;77,76;%
2240000000;II kwartał;2012;77,62;%
2240000000;II kwartał;2013;77,48;%
2240000000;II kwartał;2014;77,33;%
2240000000;II kwartał;2015;;%
2240000000;II kwartał;2016;;%
2240000000;I półrocze;2005;78,71;%
2240000000;I półrocze;2006;78,59;%
2240000000;I półrocze;2007;78,45;%
2240000000;I półrocze;2008;78,3;%
2240000000;I półrocze;2009;78,18;%
2240000000;I półrocze;2010;77,91;%
2240000000;I półrocze;2011;77,76;%
2240000000;I półrocze;2012;77,62;%
2240000000;I półrocze;2013;77,48;%
2240000000;I półrocze;2014;77,33;%
2240000000;I półrocze;2015;77,19;%
2240000000;I półrocze;2016;77,07;%
2240000000;III kwartał;2005;78,68;%
2240000000;III kwartał;2006;78,55;%
2240000000;III kwartał;2007;78,41;%
2240000000;III kwartał;2008;78,27;%
2240000000;III kwartał;2009;78,14;%
2240000000;III kwartał;2010;77,86;%
2240000000;III kwartał;2011;77,72;%
2240000000;III kwartał;2012;77,58;%
2240000000;III kwartał;2013;77,44;%
2240000000;III kwartał;2014;77,29;%
2240000000;III kwartał;2015;;%
2240000000;III kwartał;2016;;%
2240000000;I-III kwartały;2005;78,68;%
2240000000;I-III kwartały;2006;78,55;%
2240000000;I-III kwartały;2007;78,41;%
2240000000;I-III kwartały;2008;78,27;%
2240000000;I-III kwartały;2009;78,14;%
2240000000;I-III kwartały;2010;77,86;%
2240000000;I-III kwartały;2011;77,72;%
2240000000;I-III kwartały;2012;77,58;%
2240000000;I-III kwartały;2013;77,44;%
2240000000;I-III kwartały;2014;77,29;%
2240000000;I-III kwartały;2015;;%
2240000000;I-III kwartały;2016;;%
2240000000;IV kwartał;2005;78,65;%
2240000000;IV kwartał;2006;78,52;%
2240000000;IV kwartał;2007;78,36;%
2240000000;IV kwartał;2008;78,25;%
2240000000;IV kwartał;2009;78,1;%
2240000000;IV kwartał;2010;77,83;%
2240000000;IV kwartał;2011;77,69;%
2240000000;IV kwartał;2012;77,56;%
2240000000;IV kwartał;2013;77,4;%
2240000000;IV kwartał;2014;77,26;%
2240000000;IV kwartał;2015;;%
2240000000;IV kwartał;2016;;%
2240000000;rok;2005;78,65;%
2240000000;rok;2006;78,52;%
2240000000;rok;2007;78,36;%
2240000000;rok;2008;78,25;%
2240000000;rok;2009;78,1;%
2240000000;rok;2010;77,83;%
2240000000;rok;2011;77,69;%
2240000000;rok;2012;77,56;%
2240000000;rok;2013;77,4;%
2240000000;rok;2014;77,26;%
2240000000;rok;2015;77,13;%
2240000000;rok;2016;;%
3060000000;I kwartał;2005;46,66;%
3060000000;I kwartał;2006;46,66;%
3060000000;I kwartał;2007;46,62;%
3060000000;I kwartał;2008;46,55;%
3060000000;I kwartał;2009;46,54;%
3060000000;I kwartał;2010;46,55;%
3060000000;I kwartał;2011;46,49;%
3060000000;I kwartał;2012;46,46;%
3060000000;I kwartał;2013;46,4;%
3060000000;I kwartał;2014;46,31;%
3060000000;I kwartał;2015;;%
3060000000;I kwartał;2016;;%
3060000000;II kwartał;2005;46,67;%
3060000000;II kwartał;2006;46,64;%
3060000000;II kwartał;2007;46,6;%
3060000000;II kwartał;2008;46,56;%
3060000000;II kwartał;2009;46,56;%
3060000000;II kwartał;2010;46,54;%
3060000000;II kwartał;2011;46,49;%
3060000000;II kwartał;2012;46,45;%
3060000000;II kwartał;2013;46,38;%
3060000000;II kwartał;2014;46,31;%
3060000000;II kwartał;2015;;%
3060000000;II kwartał;2016;;%
3060000000;I półrocze;2005;46,67;%
3060000000;I półrocze;2006;46,64;%
3060000000;I półrocze;2007;46,6;%
3060000000;I półrocze;2008;46,56;%
3060000000;I półrocze;2009;46,56;%
3060000000;I półrocze;2010;46,54;%
3060000000;I półrocze;2011;46,49;%
3060000000;I półrocze;2012;46,45;%
3060000000;I półrocze;2013;46,38;%
3060000000;I półrocze;2014;46,31;%
3060000000;I półrocze;2015;46,23;%
3060000000;I półrocze;2016;46,43;%
3060000000;III kwartał;2005;46,65;%
3060000000;III kwartał;2006;46,63;%
3060000000;III kwartał;2007;46,59;%
3060000000;III kwartał;2008;46,55;%
3060000000;III kwartał;2009;46,55;%
3060000000;III kwartał;2010;46,51;%
3060000000;III kwartał;2011;46,47;%
3060000000;III kwartał;2012;46,44;%
3060000000;III kwartał;2013;46,36;%
3060000000;III kwartał;2014;46,3;%
3060000000;III kwartał;2015;;%
3060000000;III kwartał;2016;;%
3060000000;I-III kwartały;2005;46,65;%
3060000000;I-III kwartały;2006;46,63;%
3060000000;I-III kwartały;2007;46,59;%
3060000000;I-III kwartały;2008;46,55;%
3060000000;I-III kwartały;2009;46,55;%
3060000000;I-III kwartały;2010;46,51;%
3060000000;I-III kwartały;2011;46,47;%
3060000000;I-III kwartały;2012;46,44;%
3060000000;I-III kwartały;2013;46,36;%
3060000000;I-III kwartały;2014;46,3;%
3060000000;I-III kwartały;2015;;%
3060000000;I-III kwartały;2016;;%
3060000000;IV kwartał;2005;46,65;%
3060000000;IV kwartał;2006;46,62;%
3060000000;IV kwartał;2007;46,56;%
3060000000;IV kwartał;2008;46,54;%
3060000000;IV kwartał;2009;46,54;%
3060000000;IV kwartał;2010;46,5;%
3060000000;IV kwartał;2011;46,47;%
3060000000;IV kwartał;2012;46,42;%
3060000000;IV kwartał;2013;46,25;%
3060000000;IV kwartał;2014;46,22;%
3060000000;IV kwartał;2015;;%
3060000000;IV kwartał;2016;;%
3060000000;rok;2005;46,65;%
3060000000;rok;2006;46,62;%
3060000000;rok;2007;46,56;%
3060000000;rok;2008;46,54;%
3060000000;rok;2009;46,54;%
3060000000;rok;2010;46,5;%
3060000000;rok;2011;46,47;%
3060000000;rok;2012;46,42;%
3060000000;rok;2013;46,25;%
3060000000;rok;2014;46,22;%
3060000000;rok;2015;46,18;%
3060000000;rok;2016;;%
3180000000;I kwartał;2005;40,43;%
3180000000;I kwartał;2006;40,56;%
3180000000;I kwartał;2007;40,66;%
3180000000;I kwartał;2008;41,04;%
3180000000;I kwartał;2009;41,14;%
3180000000;I kwartał;2010;41,53;%
3180000000;I kwartał;2011;41,45;%
3180000000;I kwartał;2012;41,37;%
3180000000;I kwartał;2013;41,33;%
3180000000;I kwartał;2014;41,37;%
3180000000;I kwartał;2015;;%
3180000000;I kwartał;2016;;%
3180000000;II kwartał;2005;40,42;%
3180000000;II kwartał;2006;40,54;%
3180000000;II kwartał;2007;40,63;%
3180000000;II kwartał;2008;41,02;%
3180000000;II kwartał;2009;41,13;%
3180000000;II kwartał;2010;41,5;%
3180000000;II kwartał;2011;41,43;%
3180000000;II kwartał;2012;41,36;%
3180000000;II kwartał;2013;41,3;%
3180000000;II kwartał;2014;41,36;%
3180000000;II kwartał;2015;;%
3180000000;II kwartał;2016;;%
3180000000;I półrocze;2005;40,42;%
3180000000;I półrocze;2006;40,54;%
3180000000;I półrocze;2007;40,63;%
3180000000;I półrocze;2008;41,02;%
3180000000;I półrocze;2009;41,13;%
3180000000;I półrocze;2010;41,5;%
3180000000;I półrocze;2011;41,43;%
3180000000;I półrocze;2012;41,36;%
3180000000;I półrocze;2013;41,3;%
3180000000;I półrocze;2014;41,36;%
3180000000;I półrocze;2015;41,32;%
3180000000;I półrocze;2016;41,25;%
3180000000;III kwartał;2005;40,39;%
3180000000;III kwartał;2006;40,5;%
3180000000;III kwartał;2007;40,6;%
3180000000;III kwartał;2008;40,99;%
3180000000;III kwartał;2009;41,09;%
3180000000;III kwartał;2010;41,48;%
3180000000;III kwartał;2011;41,39;%
3180000000;III kwartał;2012;41,34;%
3180000000;III kwartał;2013;41,27;%
3180000000;III kwartał;2014;41,34;%
3180000000;III kwartał;2015;;%
3180000000;III kwartał;2016;;%
3180000000;I-III kwartały;2005;40,39;%
3180000000;I-III kwartały;2006;40,5;%
3180000000;I-III kwartały;2007;40,6;%
3180000000;I-III kwartały;2008;40,99;%
3180000000;I-III kwartały;2009;41,09;%
3180000000;I-III kwartały;2010;41,48;%
3180000000;I-III kwartały;2011;41,39;%
3180000000;I-III kwartały;2012;41,34;%
3180000000;I-III kwartały;2013;41,27;%
3180000000;I-III kwartały;2014;41,34;%
3180000000;I-III kwartały;2015;;%
3180000000;I-III kwartały;2016;;%
3180000000;IV kwartał;2005;40,36;%
3180000000;IV kwartał;2006;40,52;%
3180000000;IV kwartał;2007;40,56;%
3180000000;IV kwartał;2008;40,94;%
3180000000;IV kwartał;2009;41,07;%
3180000000;IV kwartał;2010;41,46;%
3180000000;IV kwartał;2011;41,37;%
3180000000;IV kwartał;2012;41,35;%
3180000000;IV kwartał;2013;41,25;%
3180000000;IV kwartał;2014;41,35;%
3180000000;IV kwartał;2015;;%
3180000000;IV kwartał;2016;;%
3180000000;rok;2005;40,36;%
3180000000;rok;2006;40,52;%
3180000000;rok;2007;40,56;%
3180000000;rok;2008;40,94;%
3180000000;rok;2009;41,07;%
3180000000;rok;2010;41,46;%
3180000000;rok;2011;41,37;%
3180000000;rok;2012;41,35;%
3180000000;rok;2013;41,25;%
3180000000;rok;2014;41,35;%
3180000000;rok;2015;41,25;%
3180000000;rok;2016;;%
3200000000;I kwartał;2005;59,14;%
3200000000;I kwartał;2006;59,46;%
3200000000;I kwartał;2007;59,52;%
3200000000;I kwartał;2008;59,55;%
3200000000;I kwartał;2009;60,14;%
3200000000;I kwartał;2010;60,21;%
3200000000;I kwartał;2011;60,26;%
3200000000;I kwartał;2012;60,29;%
3200000000;I kwartał;2013;60,35;%
3200000000;I kwartał;2014;60,42;%
3200000000;I kwartał;2015;;%
3200000000;I kwartał;2016;;%
3200000000;II kwartał;2005;59,16;%
3200000000;II kwartał;2006;59,51;%
3200000000;II kwartał;2007;59,54;%
3200000000;II kwartał;2008;59,56;%
3200000000;II kwartał;2009;60,17;%
3200000000;II kwartał;2010;60,21;%
3200000000;II kwartał;2011;60,27;%
3200000000;II kwartał;2012;60,32;%
3200000000;II kwartał;2013;60,36;%
3200000000;II kwartał;2014;60,44;%
3200000000;II kwartał;2015;;%
3200000000;II kwartał;2016;;%
3200000000;I półrocze;2005;59,16;%
3200000000;I półrocze;2006;59,51;%
3200000000;I półrocze;2007;59,54;%
3200000000;I półrocze;2008;59,56;%
3200000000;I półrocze;2009;60,17;%
3200000000;I półrocze;2010;60,21;%
3200000000;I półrocze;2011;60,27;%
3200000000;I półrocze;2012;60,32;%
3200000000;I półrocze;2013;60,36;%
3200000000;I półrocze;2014;60,44;%
3200000000;I półrocze;2015;60,52;%
3200000000;I półrocze;2016;60,62;%
3200000000;III kwartał;2005;59,17;%
3200000000;III kwartał;2006;59,51;%
3200000000;III kwartał;2007;59,55;%
3200000000;III kwartał;2008;59,57;%
3200000000;III kwartał;2009;60,18;%
3200000000;III kwartał;2010;60,23;%
3200000000;III kwartał;2011;60,28;%
3200000000;III kwartał;2012;60,33;%
3200000000;III kwartał;2013;60,37;%
3200000000;III kwartał;2014;60,46;%
3200000000;III kwartał;2015;;%
3200000000;III kwartał;2016;;%
3200000000;I-III kwartały;2005;59,17;%
3200000000;I-III kwartały;2006;59,51;%
3200000000;I-III kwartały;2007;59,55;%
3200000000;I-III kwartały;2008;59,57;%
3200000000;I-III kwartały;2009;60,18;%
3200000000;I-III kwartały;2010;60,23;%
3200000000;I-III kwartały;2011;60,28;%
3200000000;I-III kwartały;2012;60,33;%
3200000000;I-III kwartały;2013;60,37;%
3200000000;I-III kwartały;2014;60,46;%
3200000000;I-III kwartały;2015;;%
3200000000;I-III kwartały;2016;;%
3200000000;IV kwartał;2005;59,18;%
3200000000;IV kwartał;2006;59,49;%
3200000000;IV kwartał;2007;59,54;%
3200000000;IV kwartał;2008;59,6;%
3200000000;IV kwartał;2009;60,16;%
3200000000;IV kwartał;2010;60,23;%
3200000000;IV kwartał;2011;60,29;%
3200000000;IV kwartał;2012;60,34;%
3200000000;IV kwartał;2013;60,41;%
3200000000;IV kwartał;2014;60,48;%
3200000000;IV kwartał;2015;;%
3200000000;IV kwartał;2016;;%
3200000000;rok;2005;59,18;%
3200000000;rok;2006;59,49;%
3200000000;rok;2007;59,54;%
3200000000;rok;2008;59,6;%
3200000000;rok;2009;60,16;%
3200000000;rok;2010;60,23;%
3200000000;rok;2011;60,29;%
3200000000;rok;2012;60,34;%
3200000000;rok;2013;60,41;%
3200000000;rok;2014;60,48;%
3200000000;rok;2015;60,56;%
3200000000;rok;2016;;%
3260000000;I kwartał;2005;45,51;%
3260000000;I kwartał;2006;45,38;%
3260000000;I kwartał;2007;45,5;%
3260000000;I kwartał;2008;45,37;%
3260000000;I kwartał;2009;45,25;%
3260000000;I kwartał;2010;45,24;%
3260000000;I kwartał;2011;45,12;%
3260000000;I kwartał;2012;45;%
3260000000;I kwartał;2013;44,88;%
3260000000;I kwartał;2014;44,74;%
3260000000;I kwartał;2015;;%
3260000000;I kwartał;2016;;%
3260000000;II kwartał;2005;45,48;%
3260000000;II kwartał;2006;45,35;%
3260000000;II kwartał;2007;45,49;%
3260000000;II kwartał;2008;45,35;%
3260000000;II kwartał;2009;45,22;%
3260000000;II kwartał;2010;45,21;%
3260000000;II kwartał;2011;45,09;%
3260000000;II kwartał;2012;44,97;%
3260000000;II kwartał;2013;44,85;%
3260000000;II kwartał;2014;44,72;%
3260000000;II kwartał;2015;;%
3260000000;II kwartał;2016;;%
3260000000;I półrocze;2005;45,48;%
3260000000;I półrocze;2006;45,35;%
3260000000;I półrocze;2007;45,49;%
3260000000;I półrocze;2008;45,35;%
3260000000;I półrocze;2009;45,22;%
3260000000;I półrocze;2010;45,21;%
3260000000;I półrocze;2011;45,09;%
3260000000;I półrocze;2012;44,97;%
3260000000;I półrocze;2013;44,85;%
3260000000;I półrocze;2014;44,72;%
3260000000;I półrocze;2015;44,71;%
3260000000;I półrocze;2016;44,59;%
3260000000;III kwartał;2005;45,44;%
3260000000;III kwartał;2006;45,31;%
3260000000;III kwartał;2007;45,43;%
3260000000;III kwartał;2008;45,31;%
3260000000;III kwartał;2009;45,19;%
3260000000;III kwartał;2010;45,17;%
3260000000;III kwartał;2011;45,05;%
3260000000;III kwartał;2012;44,94;%
3260000000;III kwartał;2013;44,8;%
3260000000;III kwartał;2014;44,68;%
3260000000;III kwartał;2015;;%
3260000000;III kwartał;2016;;%
3260000000;I-III kwartały;2005;45,44;%
3260000000;I-III kwartały;2006;45,31;%
3260000000;I-III kwartały;2007;45,43;%
3260000000;I-III kwartały;2008;45,31;%
3260000000;I-III kwartały;2009;45,19;%
3260000000;I-III kwartały;2010;45,17;%
3260000000;I-III kwartały;2011;45,05;%
3260000000;I-III kwartały;2012;44,94;%
3260000000;I-III kwartały;2013;44,8;%
3260000000;I-III kwartały;2014;44,68;%
3260000000;I-III kwartały;2015;;%
3260000000;I-III kwartały;2016;;%
3260000000;IV kwartał;2005;45,41;%
3260000000;IV kwartał;2006;45,31;%
3260000000;IV kwartał;2007;45,39;%
3260000000;IV kwartał;2008;45,27;%
3260000000;IV kwartał;2009;45,17;%
3260000000;IV kwartał;2010;45,14;%
3260000000;IV kwartał;2011;45,03;%
3260000000;IV kwartał;2012;44,91;%
3260000000;IV kwartał;2013;44,77;%
3260000000;IV kwartał;2014;44,64;%
3260000000;IV kwartał;2015;;%
3260000000;IV kwartał;2016;;%
3260000000;rok;2005;45,41;%
3260000000;rok;2006;45,31;%
3260000000;rok;2007;45,39;%
3260000000;rok;2008;45,27;%
3260000000;rok;2009;45,17;%
3260000000;rok;2010;45,14;%
3260000000;rok;2011;45,03;%
3260000000;rok;2012;44,91;%
3260000000;rok;2013;44,77;%
3260000000;rok;2014;44,64;%
3260000000;rok;2015;44,64;%
3260000000;rok;2016;;%
4080000000;I kwartał;2005;64,2;%
4080000000;I kwartał;2006;64,11;%
4080000000;I kwartał;2007;63,97;%
4080000000;I kwartał;2008;63,82;%
4080000000;I kwartał;2009;63,7;%
4080000000;I kwartał;2010;63,6;%
4080000000;I kwartał;2011;63,48;%
4080000000;I kwartał;2012;63,37;%
4080000000;I kwartał;2013;63,26;%
4080000000;I kwartał;2014;63,17;%
4080000000;I kwartał;2015;;%
4080000000;I kwartał;2016;;%
4080000000;II kwartał;2005;64,17;%
4080000000;II kwartał;2006;64,06;%
4080000000;II kwartał;2007;63,93;%
4080000000;II kwartał;2008;63,79;%
4080000000;II kwartał;2009;63,66;%
4080000000;II kwartał;2010;63,58;%
4080000000;II kwartał;2011;63,46;%
4080000000;II kwartał;2012;63,33;%
4080000000;II kwartał;2013;63,23;%
4080000000;II kwartał;2014;63,15;%
4080000000;II kwartał;2015;;%
4080000000;II kwartał;2016;;%
4080000000;I półrocze;2005;64,17;%
4080000000;I półrocze;2006;64,06;%
4080000000;I półrocze;2007;63,93;%
4080000000;I półrocze;2008;63,79;%
4080000000;I półrocze;2009;63,66;%
4080000000;I półrocze;2010;63,58;%
4080000000;I półrocze;2011;63,46;%
4080000000;I półrocze;2012;63,33;%
4080000000;I półrocze;2013;63,23;%
4080000000;I półrocze;2014;63,15;%
4080000000;I półrocze;2015;64,99;%
4080000000;I półrocze;2016;64,95;%
4080000000;III kwartał;2005;64,13;%
4080000000;III kwartał;2006;64,03;%
4080000000;III kwartał;2007;63,9;%
4080000000;III kwartał;2008;63,76;%
4080000000;III kwartał;2009;63,62;%
4080000000;III kwartał;2010;63,53;%
4080000000;III kwartał;2011;63,43;%
4080000000;III kwartał;2012;63,3;%
4080000000;III kwartał;2013;63,19;%
4080000000;III kwartał;2014;63,11;%
4080000000;III kwartał;2015;;%
4080000000;III kwartał;2016;;%
4080000000;I-III kwartały;2005;64,13;%
4080000000;I-III kwartały;2006;64,03;%
4080000000;I-III kwartały;2007;63,9;%
4080000000;I-III kwartały;2008;63,76;%
4080000000;I-III kwartały;2009;63,62;%
4080000000;I-III kwartały;2010;63,53;%
4080000000;I-III kwartały;2011;63,43;%
4080000000;I-III kwartały;2012;63,3;%
4080000000;I-III kwartały;2013;63,19;%
4080000000;I-III kwartały;2014;63,11;%
4080000000;I-III kwartały;2015;;%
4080000000;I-III kwartały;2016;;%
4080000000;IV kwartał;2005;64,12;%
4080000000;IV kwartał;2006;64,01;%
4080000000;IV kwartał;2007;63,85;%
4080000000;IV kwartał;2008;63,73;%
4080000000;IV kwartał;2009;63,61;%
4080000000;IV kwartał;2010;63,5;%
4080000000;IV kwartał;2011;63,4;%
4080000000;IV kwartał;2012;63,28;%
4080000000;IV kwartał;2013;63,14;%
4080000000;IV kwartał;2014;63,09;%
4080000000;IV kwartał;2015;;%
4080000000;IV kwartał;2016;;%
4080000000;rok;2005;64,12;%
4080000000;rok;2006;64,01;%
4080000000;rok;2007;63,85;%
4080000000;rok;2008;63,73;%
4080000000;rok;2009;63,61;%
4080000000;rok;2010;63,5;%
4080000000;rok;2011;63,4;%
4080000000;rok;2012;63,28;%
4080000000;rok;2013;63,14;%
4080000000;rok;2014;63,09;%
4080000000;rok;2015;64,96;%
4080000000;rok;2016;;%
4300000000;I kwartał;2005;57,24;%
4300000000;I kwartał;2006;57,05;%
4300000000;I kwartał;2007;56,83;%
4300000000;I kwartał;2008;56,57;%
4300000000;I kwartał;2009;56,3;%
4300000000;I kwartał;2010;56,1;%
4300000000;I kwartał;2011;55,86;%
4300000000;I kwartał;2012;55,62;%
4300000000;I kwartał;2013;55,39;%
4300000000;I kwartał;2014;55,24;%
4300000000;I kwartał;2015;;%
4300000000;I kwartał;2016;;%
4300000000;II kwartał;2005;57,2;%
4300000000;II kwartał;2006;57;%
4300000000;II kwartał;2007;56,78;%
4300000000;II kwartał;2008;56,52;%
4300000000;II kwartał;2009;56,25;%
4300000000;II kwartał;2010;56,04;%
4300000000;II kwartał;2011;55,81;%
4300000000;II kwartał;2012;55,57;%
4300000000;II kwartał;2013;55,32;%
4300000000;II kwartał;2014;55,19;%
4300000000;II kwartał;2015;;%
4300000000;II kwartał;2016;;%
4300000000;I półrocze;2005;57,2;%
4300000000;I półrocze;2006;57;%
4300000000;I półrocze;2007;56,78;%
4300000000;I półrocze;2008;56,52;%
4300000000;I półrocze;2009;56,25;%
4300000000;I półrocze;2010;56,04;%
4300000000;I półrocze;2011;55,81;%
4300000000;I półrocze;2012;55,57;%
4300000000;I półrocze;2013;55,32;%
4300000000;I półrocze;2014;55,19;%
4300000000;I półrocze;2015;55,02;%
4300000000;I półrocze;2016;54,8;%
4300000000;III kwartał;2005;57,15;%
4300000000;III kwartał;2006;56,94;%
4300000000;III kwartał;2007;56,71;%
4300000000;III kwartał;2008;56,45;%
4300000000;III kwartał;2009;56,19;%
4300000000;III kwartał;2010;55,98;%
4300000000;III kwartał;2011;55,74;%
4300000000;III kwartał;2012;55,49;%
4300000000;III kwartał;2013;55,25;%
4300000000;III kwartał;2014;55,12;%
4300000000;III kwartał;2015;;%
4300000000;III kwartał;2016;;%
4300000000;I-III kwartały;2005;57,15;%
4300000000;I-III kwartały;2006;56,94;%
4300000000;I-III kwartały;2007;56,71;%
4300000000;I-III kwartały;2008;56,45;%
4300000000;I-III kwartały;2009;56,19;%
4300000000;I-III kwartały;2010;55,98;%
4300000000;I-III kwartały;2011;55,74;%
4300000000;I-III kwartały;2012;55,49;%
4300000000;I-III kwartały;2013;55,25;%
4300000000;I-III kwartały;2014;55,12;%
4300000000;I-III kwartały;2015;;%
4300000000;I-III kwartały;2016;;%
4300000000;IV kwartał;2005;57,09;%
4300000000;IV kwartał;2006;56,88;%
4300000000;IV kwartał;2007;56,63;%
4300000000;IV kwartał;2008;56,36;%
4300000000;IV kwartał;2009;56,12;%
4300000000;IV kwartał;2010;55,92;%
4300000000;IV kwartał;2011;55,68;%
4300000000;IV kwartał;2012;55,46;%
4300000000;IV kwartał;2013;55,2;%
4300000000;IV kwartał;2014;55,07;%
4300000000;IV kwartał;2015;;%
4300000000;IV kwartał;2016;;%
4300000000;rok;2005;57,09;%
4300000000;rok;2006;56,88;%
4300000000;rok;2007;56,63;%
4300000000;rok;2008;56,36;%
4300000000;rok;2009;56,12;%
4300000000;rok;2010;55,92;%
4300000000;rok;2011;55,68;%
4300000000;rok;2012;55,46;%
4300000000;rok;2013;55,2;%
4300000000;rok;2014;55,07;%
4300000000;rok;2015;54,87;%
4300000000;rok;2016;;%
4320000000;I kwartał;2005;69,25;%
4320000000;I kwartał;2006;69,13;%
4320000000;I kwartał;2007;69;%
4320000000;I kwartał;2008;68,84;%
4320000000;I kwartał;2009;68,73;%
4320000000;I kwartał;2010;69,07;%
4320000000;I kwartał;2011;68,94;%
4320000000;I kwartał;2012;68,81;%
4320000000;I kwartał;2013;68,74;%
4320000000;I kwartał;2014;68,76;%
4320000000;I kwartał;2015;;%
4320000000;I kwartał;2016;;%
4320000000;II kwartał;2005;69,21;%
4320000000;II kwartał;2006;69,09;%
4320000000;II kwartał;2007;68,97;%
4320000000;II kwartał;2008;68,83;%
4320000000;II kwartał;2009;68,7;%
4320000000;II kwartał;2010;69,03;%
4320000000;II kwartał;2011;68,91;%
4320000000;II kwartał;2012;68,79;%
4320000000;II kwartał;2013;68,71;%
4320000000;II kwartał;2014;68,74;%
4320000000;II kwartał;2015;;%
4320000000;II kwartał;2016;;%
4320000000;I półrocze;2005;69,21;%
4320000000;I półrocze;2006;69,09;%
4320000000;I półrocze;2007;68,97;%
4320000000;I półrocze;2008;68,83;%
4320000000;I półrocze;2009;68,7;%
4320000000;I półrocze;2010;69,03;%
4320000000;I półrocze;2011;68,91;%
4320000000;I półrocze;2012;68,79;%
4320000000;I półrocze;2013;68,71;%
4320000000;I półrocze;2014;68,74;%
4320000000;I półrocze;2015;68,62;%
4320000000;I półrocze;2016;68,55;%
4320000000;III kwartał;2005;69,19;%
4320000000;III kwartał;2006;69,07;%
4320000000;III kwartał;2007;68,94;%
4320000000;III kwartał;2008;68,79;%
4320000000;III kwartał;2009;68,65;%
4320000000;III kwartał;2010;68,98;%
4320000000;III kwartał;2011;68,87;%
4320000000;III kwartał;2012;68,75;%
4320000000;III kwartał;2013;68,68;%
4320000000;III kwartał;2014;68,71;%
4320000000;III kwartał;2015;;%
4320000000;III kwartał;2016;;%
4320000000;I-III kwartały;2005;69,19;%
4320000000;I-III kwartały;2006;69,07;%
4320000000;I-III kwartały;2007;68,94;%
4320000000;I-III kwartały;2008;68,79;%
4320000000;I-III kwartały;2009;68,65;%
4320000000;I-III kwartały;2010;68,98;%
4320000000;I-III kwartały;2011;68,87;%
4320000000;I-III kwartały;2012;68,75;%
4320000000;I-III kwartały;2013;68,68;%
4320000000;I-III kwartały;2014;68,71;%
4320000000;I-III kwartały;2015;;%
4320000000;I-III kwartały;2016;;%
4320000000;IV kwartał;2005;69,17;%
4320000000;IV kwartał;2006;69,01;%
4320000000;IV kwartał;2007;68,87;%
4320000000;IV kwartał;2008;68,76;%
4320000000;IV kwartał;2009;68,66;%
4320000000;IV kwartał;2010;68,96;%
4320000000;IV kwartał;2011;68,84;%
4320000000;IV kwartał;2012;68,76;%
4320000000;IV kwartał;2013;68,63;%
4320000000;IV kwartał;2014;68,65;%
4320000000;IV kwartał;2015;;%
4320000000;IV kwartał;2016;;%
4320000000;rok;2005;69,17;%
4320000000;rok;2006;69,01;%
4320000000;rok;2007;68,87;%
4320000000;rok;2008;68,76;%
4320000000;rok;2009;68,66;%
4320000000;rok;2010;68,96;%
4320000000;rok;2011;68,84;%
4320000000;rok;2012;68,76;%
4320000000;rok;2013;68,63;%
4320000000;rok;2014;68,65;%
4320000000;rok;2015;68,56;%
4320000000;rok;2016;;%
5020000000;I kwartał;2005;71,14;%
5020000000;I kwartał;2006;71,01;%
5020000000;I kwartał;2007;70,82;%
5020000000;I kwartał;2008;70,61;%
5020000000;I kwartał;2009;70,43;%
5020000000;I kwartał;2010;70,09;%
5020000000;I kwartał;2011;69,9;%
5020000000;I kwartał;2012;69,71;%
5020000000;I kwartał;2013;69,54;%
5020000000;I kwartał;2014;69,37;%
5020000000;I kwartał;2015;;%
5020000000;I kwartał;2016;;%
5020000000;II kwartał;2005;71,11;%
5020000000;II kwartał;2006;70,98;%
5020000000;II kwartał;2007;70,78;%
5020000000;II kwartał;2008;70,58;%
5020000000;II kwartał;2009;70,39;%
5020000000;II kwartał;2010;70,04;%
5020000000;II kwartał;2011;69,86;%
5020000000;II kwartał;2012;69,67;%
5020000000;II kwartał;2013;69,5;%
5020000000;II kwartał;2014;69,34;%
5020000000;II kwartał;2015;;%
5020000000;II kwartał;2016;;%
5020000000;I półrocze;2005;71,11;%
5020000000;I półrocze;2006;70,98;%
5020000000;I półrocze;2007;70,78;%
5020000000;I półrocze;2008;70,58;%
5020000000;I półrocze;2009;70,39;%
5020000000;I półrocze;2010;70,04;%
5020000000;I półrocze;2011;69,86;%
5020000000;I półrocze;2012;69,67;%
5020000000;I półrocze;2013;69,5;%
5020000000;I półrocze;2014;69,34;%
5020000000;I półrocze;2015;69,21;%
5020000000;I półrocze;2016;69,03;%
5020000000;III kwartał;2005;71,08;%
5020000000;III kwartał;2006;70,92;%
5020000000;III kwartał;2007;70,71;%
5020000000;III kwartał;2008;70,53;%
5020000000;III kwartał;2009;70,33;%
5020000000;III kwartał;2010;69,99;%
5020000000;III kwartał;2011;69,81;%
5020000000;III kwartał;2012;69,62;%
5020000000;III kwartał;2013;69,45;%
5020000000;III kwartał;2014;69,29;%
5020000000;III kwartał;2015;;%
5020000000;III kwartał;2016;;%
5020000000;I-III kwartały;2005;71,08;%
5020000000;I-III kwartały;2006;70,92;%
5020000000;I-III kwartały;2007;70,71;%
5020000000;I-III kwartały;2008;70,53;%
5020000000;I-III kwartały;2009;70,33;%
5020000000;I-III kwartały;2010;69,99;%
5020000000;I-III kwartały;2011;69,81;%
5020000000;I-III kwartały;2012;69,62;%
5020000000;I-III kwartały;2013;69,45;%
5020000000;I-III kwartały;2014;69,29;%
5020000000;I-III kwartały;2015;;%
5020000000;I-III kwartały;2016;;%
5020000000;IV kwartał;2005;71,05;%
5020000000;IV kwartał;2006;70,87;%
5020000000;IV kwartał;2007;70,65;%
5020000000;IV kwartał;2008;70,48;%
5020000000;IV kwartał;2009;70,28;%
5020000000;IV kwartał;2010;69,94;%
5020000000;IV kwartał;2011;69,76;%
5020000000;IV kwartał;2012;69,6;%
5020000000;IV kwartał;2013;69,42;%
5020000000;IV kwartał;2014;69,28;%
5020000000;IV kwartał;2015;;%
5020000000;IV kwartał;2016;;%
5020000000;rok;2005;71,05;%
5020000000;rok;2006;70,87;%
5020000000;rok;2007;70,65;%
5020000000;rok;2008;70,48;%
5020000000;rok;2009;70,28;%
5020000000;rok;2010;69,94;%
5020000000;rok;2011;69,76;%
5020000000;rok;2012;69,6;%
5020000000;rok;2013;69,42;%
5020000000;rok;2014;69,28;%
5020000000;rok;2015;69,17;%
5020000000;rok;2016;;%
5160000000;I kwartał;2005;52,67;%
5160000000;I kwartał;2006;52,61;%
5160000000;I kwartał;2007;52,56;%
5160000000;I kwartał;2008;52,48;%
5160000000;I kwartał;2009;52,4;%
5160000000;I kwartał;2010;52,45;%
5160000000;I kwartał;2011;52,37;%
5160000000;I kwartał;2012;52,29;%
5160000000;I kwartał;2013;52,21;%
5160000000;I kwartał;2014;52,08;%
5160000000;I kwartał;2015;;%
5160000000;I kwartał;2016;;%
5160000000;II kwartał;2005;52,66;%
5160000000;II kwartał;2006;52,6;%
5160000000;II kwartał;2007;52,54;%
5160000000;II kwartał;2008;52,46;%
5160000000;II kwartał;2009;52,39;%
5160000000;II kwartał;2010;52,43;%
5160000000;II kwartał;2011;52,36;%
5160000000;II kwartał;2012;52,27;%
5160000000;II kwartał;2013;52,19;%
5160000000;II kwartał;2014;52,07;%
5160000000;II kwartał;2015;;%
5160000000;II kwartał;2016;;%
5160000000;I półrocze;2005;52,66;%
5160000000;I półrocze;2006;52,6;%
5160000000;I półrocze;2007;52,54;%
5160000000;I półrocze;2008;52,46;%
5160000000;I półrocze;2009;52,39;%
5160000000;I półrocze;2010;52,43;%
5160000000;I półrocze;2011;52,36;%
5160000000;I półrocze;2012;52,27;%
5160000000;I półrocze;2013;52,19;%
5160000000;I półrocze;2014;52,07;%
5160000000;I półrocze;2015;51,98;%
5160000000;I półrocze;2016;51,9;%
5160000000;III kwartał;2005;52,64;%
5160000000;III kwartał;2006;52,58;%
5160000000;III kwartał;2007;52,51;%
5160000000;III kwartał;2008;52,45;%
5160000000;III kwartał;2009;52,36;%
5160000000;III kwartał;2010;52,41;%
5160000000;III kwartał;2011;52,34;%
5160000000;III kwartał;2012;52,25;%
5160000000;III kwartał;2013;52,17;%
5160000000;III kwartał;2014;52,05;%
5160000000;III kwartał;2015;;%
5160000000;III kwartał;2016;;%
5160000000;I-III kwartały;2005;52,64;%
5160000000;I-III kwartały;2006;52,58;%
5160000000;I-III kwartały;2007;52,51;%
5160000000;I-III kwartały;2008;52,45;%
5160000000;I-III kwartały;2009;52,36;%
5160000000;I-III kwartały;2010;52,41;%
5160000000;I-III kwartały;2011;52,34;%
5160000000;I-III kwartały;2012;52,25;%
5160000000;I-III kwartały;2013;52,17;%
5160000000;I-III kwartały;2014;52,05;%
5160000000;I-III kwartały;2015;;%
5160000000;I-III kwartały;2016;;%
5160000000;IV kwartał;2005;52,63;%
5160000000;IV kwartał;2006;52,58;%
5160000000;IV kwartał;2007;52,49;%
5160000000;IV kwartał;2008;52,43;%
5160000000;IV kwartał;2009;52,32;%
5160000000;IV kwartał;2010;52,39;%
5160000000;IV kwartał;2011;52,31;%
5160000000;IV kwartał;2012;52,24;%
5160000000;IV kwartał;2013;52,12;%
5160000000;IV kwartał;2014;52,02;%
5160000000;IV kwartał;2015;;%
5160000000;IV kwartał;2016;;%
5160000000;rok;2005;52,63;%
5160000000;rok;2006;52,58;%
5160000000;rok;2007;52,49;%
5160000000;rok;2008;52,43;%
5160000000;rok;2009;52,32;%
5160000000;rok;2010;52,39;%
5160000000;rok;2011;52,31;%
5160000000;rok;2012;52,24;%
5160000000;rok;2013;52,12;%
5160000000;rok;2014;52,02;%
5160000000;rok;2015;51,92;%
5160000000;rok;2016;;%
6040000000;I kwartał;2005;61,69;%
6040000000;I kwartał;2006;61,49;%
6040000000;I kwartał;2007;61,28;%
6040000000;I kwartał;2008;61,05;%
6040000000;I kwartał;2009;60,85;%
6040000000;I kwartał;2010;60,73;%
6040000000;I kwartał;2011;60,54;%
6040000000;I kwartał;2012;60,35;%
6040000000;I kwartał;2013;60,16;%
6040000000;I kwartał;2014;59,99;%
6040000000;I kwartał;2015;;%
6040000000;I kwartał;2016;;%
6040000000;II kwartał;2005;61,65;%
6040000000;II kwartał;2006;61,43;%
6040000000;II kwartał;2007;61,23;%
6040000000;II kwartał;2008;61;%
6040000000;II kwartał;2009;60,81;%
6040000000;II kwartał;2010;60,68;%
6040000000;II kwartał;2011;60,5;%
6040000000;II kwartał;2012;60,31;%
6040000000;II kwartał;2013;60,12;%
6040000000;II kwartał;2014;59,94;%
6040000000;II kwartał;2015;;%
6040000000;II kwartał;2016;;%
6040000000;I półrocze;2005;61,65;%
6040000000;I półrocze;2006;61,43;%
6040000000;I półrocze;2007;61,23;%
6040000000;I półrocze;2008;61;%
6040000000;I półrocze;2009;60,81;%
6040000000;I półrocze;2010;60,68;%
6040000000;I półrocze;2011;60,5;%
6040000000;I półrocze;2012;60,31;%
6040000000;I półrocze;2013;60,12;%
6040000000;I półrocze;2014;59,94;%
6040000000;I półrocze;2015;59,77;%
6040000000;I półrocze;2016;59,57;%
6040000000;III kwartał;2005;61,59;%
6040000000;III kwartał;2006;61,36;%
6040000000;III kwartał;2007;61,17;%
6040000000;III kwartał;2008;60,95;%
6040000000;III kwartał;2009;60,76;%
6040000000;III kwartał;2010;60,63;%
6040000000;III kwartał;2011;60,44;%
6040000000;III kwartał;2012;60,25;%
6040000000;III kwartał;2013;60,06;%
6040000000;III kwartał;2014;59,9;%
6040000000;III kwartał;2015;;%
6040000000;III kwartał;2016;;%
6040000000;I-III kwartały;2005;61,59;%
6040000000;I-III kwartały;2006;61,36;%
6040000000;I-III kwartały;2007;61,17;%
6040000000;I-III kwartały;2008;60,95;%
6040000000;I-III kwartały;2009;60,76;%
6040000000;I-III kwartały;2010;60,63;%
6040000000;I-III kwartały;2011;60,44;%
6040000000;I-III kwartały;2012;60,25;%
6040000000;I-III kwartały;2013;60,06;%
6040000000;I-III kwartały;2014;59,9;%
6040000000;I-III kwartały;2015;;%
6040000000;I-III kwartały;2016;;%
6040000000;IV kwartał;2005;61,53;%
6040000000;IV kwartał;2006;61,33;%
6040000000;IV kwartał;2007;61,11;%
6040000000;IV kwartał;2008;60,9;%
6040000000;IV kwartał;2009;60,74;%
6040000000;IV kwartał;2010;60,58;%
6040000000;IV kwartał;2011;60,39;%
6040000000;IV kwartał;2012;60,2;%
6040000000;IV kwartał;2013;60,04;%
6040000000;IV kwartał;2014;59,83;%
6040000000;IV kwartał;2015;;%
6040000000;IV kwartał;2016;;%
6040000000;rok;2005;61,53;%
6040000000;rok;2006;61,33;%
6040000000;rok;2007;61,11;%
6040000000;rok;2008;60,9;%
6040000000;rok;2009;60,74;%
6040000000;rok;2010;60,58;%
6040000000;rok;2011;60,39;%
6040000000;rok;2012;60,2;%
6040000000;rok;2013;60,04;%
6040000000;rok;2014;59,83;%
6040000000;rok;2015;59,64;%
6040000000;rok;2016;;%
6220000000;I kwartał;2005;67,5;%
6220000000;I kwartał;2006;67,25;%
6220000000;I kwartał;2007;66,96;%
6220000000;I kwartał;2008;66,63;%
6220000000;I kwartał;2009;66,39;%
6220000000;I kwartał;2010;66,08;%
6220000000;I kwartał;2011;65,82;%
6220000000;I kwartał;2012;65,55;%
6220000000;I kwartał;2013;65,32;%
6220000000;I kwartał;2014;65,05;%
6220000000;I kwartał;2015;;%
6220000000;I kwartał;2016;;%
6220000000;II kwartał;2005;67,44;%
6220000000;II kwartał;2006;67,19;%
6220000000;II kwartał;2007;66,88;%
6220000000;II kwartał;2008;66,58;%
6220000000;II kwartał;2009;66,33;%
6220000000;II kwartał;2010;66,02;%
6220000000;II kwartał;2011;65,77;%
6220000000;II kwartał;2012;65,5;%
6220000000;II kwartał;2013;65,27;%
6220000000;II kwartał;2014;65;%
6220000000;II kwartał;2015;;%
6220000000;II kwartał;2016;;%
6220000000;I półrocze;2005;67,44;%
6220000000;I półrocze;2006;67,19;%
6220000000;I półrocze;2007;66,88;%
6220000000;I półrocze;2008;66,58;%
6220000000;I półrocze;2009;66,33;%
6220000000;I półrocze;2010;66,02;%
6220000000;I półrocze;2011;65,77;%
6220000000;I półrocze;2012;65,5;%
6220000000;I półrocze;2013;65,27;%
6220000000;I półrocze;2014;65;%
6220000000;I półrocze;2015;64,53;%
6220000000;I półrocze;2016;64,33;%
6220000000;III kwartał;2005;67,38;%
6220000000;III kwartał;2006;67,12;%
6220000000;III kwartał;2007;66,81;%
6220000000;III kwartał;2008;66,51;%
6220000000;III kwartał;2009;66,26;%
6220000000;III kwartał;2010;65,94;%
6220000000;III kwartał;2011;65,69;%
6220000000;III kwartał;2012;65,44;%
6220000000;III kwartał;2013;65,21;%
6220000000;III kwartał;2014;64,95;%
6220000000;III kwartał;2015;;%
6220000000;III kwartał;2016;;%
6220000000;I-III kwartały;2005;67,38;%
6220000000;I-III kwartały;2006;67,12;%
6220000000;I-III kwartały;2007;66,81;%
6220000000;I-III kwartały;2008;66,51;%
6220000000;I-III kwartały;2009;66,26;%
6220000000;I-III kwartały;2010;65,94;%
6220000000;I-III kwartały;2011;65,69;%
6220000000;I-III kwartały;2012;65,44;%
6220000000;I-III kwartały;2013;65,21;%
6220000000;I-III kwartały;2014;64,95;%
6220000000;I-III kwartały;2015;;%
6220000000;I-III kwartały;2016;;%
6220000000;IV kwartał;2005;67,31;%
6220000000;IV kwartał;2006;67,04;%
6220000000;IV kwartał;2007;66,71;%
6220000000;IV kwartał;2008;66,46;%
6220000000;IV kwartał;2009;66,21;%
6220000000;IV kwartał;2010;65,89;%
6220000000;IV kwartał;2011;65,62;%
6220000000;IV kwartał;2012;65,39;%
6220000000;IV kwartał;2013;65,14;%
6220000000;IV kwartał;2014;64,87;%
6220000000;IV kwartał;2015;;%
6220000000;IV kwartał;2016;;%
6220000000;rok;2005;67,31;%
6220000000;rok;2006;67,04;%
6220000000;rok;2007;66,71;%
6220000000;rok;2008;66,46;%
6220000000;rok;2009;66,21;%
6220000000;rok;2010;65,89;%
6220000000;rok;2011;65,62;%
6220000000;rok;2012;65,39;%
6220000000;rok;2013;65,14;%
6220000000;rok;2014;64,87;%
6220000000;rok;2015;64,42;%
6220000000;rok;2016;;%
6280000000;I kwartał;2005;60,09;%
6280000000;I kwartał;2006;60,04;%
6280000000;I kwartał;2007;59,97;%
6280000000;I kwartał;2008;59,95;%
6280000000;I kwartał;2009;59,89;%
6280000000;I kwartał;2010;59,58;%
6280000000;I kwartał;2011;59,45;%
6280000000;I kwartał;2012;59,35;%
6280000000;I kwartał;2013;59,29;%
6280000000;I kwartał;2014;59,24;%
6280000000;I kwartał;2015;;%
6280000000;I kwartał;2016;;%
6280000000;II kwartał;2005;60,07;%
6280000000;II kwartał;2006;60,02;%
6280000000;II kwartał;2007;59,96;%
6280000000;II kwartał;2008;59,93;%
6280000000;II kwartał;2009;59,89;%
6280000000;II kwartał;2010;59,54;%
6280000000;II kwartał;2011;59,43;%
6280000000;II kwartał;2012;59,33;%
6280000000;II kwartał;2013;59,27;%
6280000000;II kwartał;2014;59,23;%
6280000000;II kwartał;2015;;%
6280000000;II kwartał;2016;;%
6280000000;I półrocze;2005;60,07;%
6280000000;I półrocze;2006;60,02;%
6280000000;I półrocze;2007;59,96;%
6280000000;I półrocze;2008;59,93;%
6280000000;I półrocze;2009;59,89;%
6280000000;I półrocze;2010;59,54;%
6280000000;I półrocze;2011;59,43;%
6280000000;I półrocze;2012;59,33;%
6280000000;I półrocze;2013;59,27;%
6280000000;I półrocze;2014;59,23;%
6280000000;I półrocze;2015;59,17;%
6280000000;I półrocze;2016;59,06;%
6280000000;III kwartał;2005;60,07;%
6280000000;III kwartał;2006;60,01;%
6280000000;III kwartał;2007;59,94;%
6280000000;III kwartał;2008;59,92;%
6280000000;III kwartał;2009;59,87;%
6280000000;III kwartał;2010;59,51;%
6280000000;III kwartał;2011;59,4;%
6280000000;III kwartał;2012;59,32;%
6280000000;III kwartał;2013;59,25;%
6280000000;III kwartał;2014;59,22;%
6280000000;III kwartał;2015;;%
6280000000;III kwartał;2016;;%
6280000000;I-III kwartały;2005;60,07;%
6280000000;I-III kwartały;2006;60,01;%
6280000000;I-III kwartały;2007;59,94;%
6280000000;I-III kwartały;2008;59,92;%
6280000000;I-III kwartały;2009;59,87;%
6280000000;I-III kwartały;2010;59,51;%
6280000000;I-III kwartały;2011;59,4;%
6280000000;I-III kwartały;2012;59,32;%
6280000000;I-III kwartały;2013;59,25;%
6280000000;I-III kwartały;2014;59,22;%
6280000000;I-III kwartały;2015;;%
6280000000;I-III kwartały;2016;;%
6280000000;IV kwartał;2005;60,05;%
6280000000;IV kwartał;2006;59,99;%
6280000000;IV kwartał;2007;59,96;%
6280000000;IV kwartał;2008;59,91;%
6280000000;IV kwartał;2009;59,86;%
6280000000;IV kwartał;2010;59,48;%
6280000000;IV kwartał;2011;59,37;%
6280000000;IV kwartał;2012;59,3;%
6280000000;IV kwartał;2013;59,25;%
6280000000;IV kwartał;2014;59,16;%
6280000000;IV kwartał;2015;;%
6280000000;IV kwartał;2016;;%
6280000000;rok;2005;60,05;%
6280000000;rok;2006;59,99;%
6280000000;rok;2007;59,96;%
6280000000;rok;2008;59,91;%
6280000000;rok;2009;59,86;%
6280000000;rok;2010;59,48;%
6280000000;rok;2011;59,37;%
6280000000;rok;2012;59,3;%
6280000000;rok;2013;59,25;%
6280000000;rok;2014;59,16;%
6280000000;rok;2015;59,07;%
6280000000;rok;2016;;%
